{
	"format_version": "1.12.0",
	"minecraft:geometry": [
		{
			"description": {
				"identifier": "geometry.portalmen",
				"texture_width": 128,
				"texture_height": 128,
				"visible_bounds_width": 14,
				"visible_bounds_height": 4,
				"visible_bounds_offset": [0, 2, 0]
			},
			"bones": [
				{
					"name": "body",
					"pivot": [0, 42, 0],
					"reset": true,
					"cubes": [
						{"origin": [-11, 15, -2], "size": [1, 27, 4], "uv": [55, 0]},
						{"origin": [-3, 6.97287, -2], "size": [1, 22, 4], "pivot": [-2.5, 15.47287, -0.75685], "rotation": [0, 0, 90], "uv": [55, 0]},
						{"origin": [-3, 32.97287, -2], "size": [1, 22, 4], "pivot": [-2.5, 41.47287, -0.75685], "rotation": [0, 0, 90], "uv": [55, 0]},
						{"origin": [10, 15, -2], "size": [1, 27, 4], "uv": [56, 0]}
					]
				},
				{
					"name": "head",
					"parent": "body",
					"pivot": [0, 42, 0],
					"cubes": [
						{"origin": [-4, 41, -3], "size": [8, 8, 7], "uv": [1, 1]}
					]
				},
				{
					"name": "hat",
					"parent": "head",
					"pivot": [0, 42, 0],
					"reset": true
				},
				{
					"name": "rightArm",
					"parent": "body",
					"pivot": [-5, 40, 0],
					"reset": true,
					"cubes": [
						{"origin": [-13, 12, -1], "size": [2, 30, 2], "uv": [56, 0]}
					]
				},
				{
					"name": "rightItem",
					"parent": "rightArm",
					"pivot": [-8, 19, 1]
				},
				{
					"name": "leftArm",
					"parent": "body",
					"pivot": [5, 40, 0],
					"reset": true,
					"mirror": true,
					"cubes": [
						{"origin": [11, 12, -1], "size": [2, 30, 2], "uv": [56, 0]}
					]
				},
				{
					"name": "rightLeg",
					"parent": "body",
					"pivot": [-2, 30, 0],
					"reset": true,
					"cubes": [
						{"origin": [-5, 0, -1], "size": [2, 15, 2], "uv": [56, 0]}
					]
				},
				{
					"name": "leftLeg",
					"parent": "body",
					"pivot": [2, 30, 0],
					"reset": true,
					"mirror": true,
					"cubes": [
						{"origin": [3, 0, -1], "size": [2, 15, 2], "uv": [56, 0]}
					]
				},
				{
					"name": "Portal",
					"pivot": [1, 26.5, 1],
					"cubes": [
						{
							"origin": [-11, 16, 0],
							"size": [22, 25, 0],
							"uv": {
								"north": {"uv": [10, 77], "uv_size": [22, 25]},
								"east": {"uv": [1, 102], "uv_size": [0, 25]},
								"south": {"uv": [8, 73], "uv_size": [22, 25]},
								"west": {"uv": [23, 102], "uv_size": [0, 25]},
								"up": {"uv": [1, 102], "uv_size": [22, 0]},
								"down": {"uv": [23, 102], "uv_size": [22, 0]}
							}
						}
					]
				}
			]
		}
	]
}